Lead_ID,Lead_Source,Lead_Date,Conversion_Status,Conversion_Date,Revenue_Value,Marketing_Cost,Sales_Representative,Region
LEAD-0043,referral,04-02-2024,,,0,3036.1,David Brown,EAST
LEAD-0199,referral,02-07-2024,converted,2024/06/06,10390.1,,,West
LEAD-0526,email campaign,2023-02-11,NOT CONVERTED,,N/A,3021.93,DAVID BROWN,West
LEAD-0638,email campaign,09/09/2023,Not Converted,09/09/2023,0,unknown,David Brown,South
LEAD-0067,Website,29-04-2023,,,N/A,2095.58,N/A,EAST
LEAD-0130,email campaign,2023-10-01,No,2023-10-01,0,4120.59,alice johnson,NORTH
LEAD-0567,Social Media,2024/06/22,CONVERTED,2024-08-15,12684.79,1676.86,alice johnson,south
LEAD-0626,Referral,2024-03-09,Not Converted,,0,3148.67,N/A,North
LEAD-0680,DIRECT,03-22-2024,NOT CONVERTED,,,3497.45,,West
LEAD-0155,DIRECT,2023/09/28,Yes,23/10/2023,14310.82,4912.19,,EAST
LEAD-0032,referral,2023-02-09,Pending,,0,1602.7,David Brown,
LEAD-0210,website,10-07-2023,,,0,4999.5,Bob Smith,East
LEAD-0494,direct,2023/12/07,Converted,14-01-2024,37767.96,2897.39,eve davis,NORTH
LEAD-0109,Email Campaign,11-27-2023,CONVERTED,2024-01-23,23711.59,2977.53,DAVID BROWN,EAST
LEAD-0106,EMAIL CAMPAIGN,04-16-2024,converted,2024-06-11,12544.17,2009.05,carol white,East
LEAD-0053,EMAIL CAMPAIGN,2023/10/10,Converted,16/12/2023,4737.84,3802.92,DAVID BROWN,EAST
LEAD-0685,direct,17/03/2024,CONVERTED,04/05/2024,35350.34,4744.99,Bob Smith,West
LEAD-0476,Social Media,02-07-2023,Converted,2023-03-23,20572.64,2639.44,Eve Davis,East
LEAD-0204,website,2023-03-29,CONVERTED,05-13-2023,17481.8,1774.09,DAVID BROWN,NORTH
LEAD-0140,Social Media,2023/05/08,CONVERTED,16/06/2023,8517.36,4740.04,alice johnson,north
LEAD-0450,EMAIL CAMPAIGN,2023/01/09,,,,358.93,Alice Johnson,west
LEAD-0007,Social Media,20-11-2023,not converted,20-11-2023,0,2857.54,DAVID BROWN,south
LEAD-0688,Social Media,10/04/2023,,,,4664.04,David Brown,NORTH
LEAD-0540,Website,2023-10-07,Pending,,,1769.22,Eve Davis,north
LEAD-0343,Social Media,2024/03/17,No,,N/A,1185.96,David Brown,NORTH
LEAD-0548,DIRECT,11-17-2023,Pending,,0,3732.6,alice johnson,East
LEAD-0115,Direct,2024/03/09,NOT CONVERTED,2024/03/09,,1741.58,Bob Smith,East
LEAD-0157,Email Campaign,20-09-2023,Not Converted,,0,4668.47,eve davis,
LEAD-0432,Direct,20-05-2023,CONVERTED,09-08-2023,44656.89,3930.75,frank miller,west
LEAD-0448,website,02-12-2023,Converted,14/12/2023,40943.16,unknown,Frank Miller,East
LEAD-0279,Social Media,02-18-2024,CONVERTED,2024-05-21,32942.33,2121.9,,
LEAD-0674,Social Media,25/05/2023,CONVERTED,06/06/2023,29835.22,1219.74,Carol White,East
LEAD-0428,Email Campaign,22-10-2023,Pending,,,4639.17,,EAST
LEAD-0467,direct,2023-05-03,Pending,,0,4504.49,alice johnson,East
LEAD-0266,EMAIL CAMPAIGN,2023-05-31,Yes,23/06/2023,48622.16,2145.71,frank miller,East
LEAD-0042,email campaign,22-04-2024,Converted,19-05-2024,19779.1,146.68,DAVID BROWN,North
LEAD-0119,SOCIAL MEDIA,2023/07/24,CONVERTED,11-13-2023,3082.9,4674.75,alice johnson,north
LEAD-0566,Email Campaign,26/04/2023,converted,2023-06-10,10584.82,3762.19,Frank Miller,
LEAD-0063,referral,2023-05-26,Converted,06-17-2023,29954.68,2223.81,David Brown,north
LEAD-0164,Social Media,09-25-2023,Not Converted,09-25-2023,,840.6,,north
LEAD-0335,email campaign,10-08-2023,Pending,,N/A,1858.22,Eve Davis,north
LEAD-0015,Direct,02/03/2023,converted,2023-06-26,43051.95,3361.44,eve davis,
LEAD-0514,,05-03-2023,,,,856.09,,East
LEAD-0287,EMAIL CAMPAIGN,06-20-2024,No,,0,1746.53,BOB SMITH,East
LEAD-0462,Email Campaign,05-11-2023,,,0,1980.85,David Brown,North
LEAD-0148,EMAIL CAMPAIGN,07-19-2023,,,N/A,3833.8,Frank Miller,
LEAD-0286,Direct,12/09/2023,NOT CONVERTED,,,876.75,Carol White,EAST
LEAD-0490,Referral,09-11-2023,No,,0,2979.27,Alice Johnson,south
LEAD-0298,EMAIL CAMPAIGN,08-18-2023,,,0,521.45,carol white,south
LEAD-0095,Email Campaign,2024/06/01,No,2024/06/01,0,4271.32,,West
LEAD-0214,Direct,09-11-2023,Converted,11-08-2023,17754.56,4970.09,N/A,
LEAD-0420,social media,2023-04-04,Yes,06-25-2023,4722.67,4877.2,Eve Davis,south
LEAD-0037,Referral,2023-05-31,Converted,02-07-2023,30758.06,4436.38,David Brown,EAST
LEAD-0242,referral,11/02/2023,NOT CONVERTED,,0,4843.58,Carol White,north
LEAD-0319,DIRECT,27-04-2023,not converted,,,2595.83,Carol White,West
LEAD-0650,Email Campaign,2023-12-15,NOT CONVERTED,,N/A,1087.44,carol white,East
LEAD-0156,Website,10-08-2023,converted,2023/12/21,19294.86,4775.31,Carol White,South
LEAD-0018,,2023-04-11,,,0,4635.52,DAVID BROWN,EAST
LEAD-0575,DIRECT,2024-05-30,converted,02-09-2024,9387.83,462.29,eve davis,EAST
LEAD-0104,social media,08-01-2023,No,,,2526.3,alice johnson,south
LEAD-0272,,2024-01-18,,,N/A,721.47,Alice Johnson,East
LEAD-0349,Direct,2023-01-06,CONVERTED,2023/03/08,22051.18,,David Brown,
LEAD-0327,email campaign,03-16-2023,converted,2023-04-18,10272.17,1817.83,Carol White,
LEAD-0564,referral,2023/09/28,NOT CONVERTED,,N/A,3830.19,Frank Miller,EAST
LEAD-0178,direct,2023-07-15,not converted,,0,245.76,eve davis,west
LEAD-0172,website,24/08/2023,Yes,08/10/2023,14144.66,608.58,N/A,North
LEAD-0435,Website,02-02-2023,No,02-02-2023,0,1889.34,Eve Davis,north
LEAD-0265,Email Campaign,30-08-2023,not converted,30-08-2023,0,3585.81,N/A,
LEAD-0196,referral,11-05-2023,Yes,2023-11-24,8776.77,3924.2,,EAST
LEAD-0340,Email Campaign,08/05/2024,Not Converted,,0,3983.35,Frank Miller,west
LEAD-0442,,2023/07/22,converted,18-11-2023,28605.57,3508.07,Frank Miller,EAST
LEAD-0427,,10-09-2023,,,,3079.67,Frank Miller,west
LEAD-0580,Email Campaign,21-01-2023,Pending,,N/A,,David Brown,EAST
LEAD-0237,DIRECT,2023/07/20,Not Converted,,0,168.36,,North
LEAD-0054,social media,29/10/2023,No,,,2392.64,,west
LEAD-0696,direct,07/12/2023,Pending,,0,3237.73,,south
LEAD-0683,email campaign,2024/01/27,not converted,,0,4625.39,eve davis,NORTH
LEAD-0593,direct,06-16-2024,No,,0,2790.37,carol white,North
LEAD-0554,Direct,08-07-2023,CONVERTED,09-07-2023,10403.73,598.6,N/A,East
LEAD-0440,referral,05-25-2023,Pending,,,$2725.86,Frank Miller,North
LEAD-0579,website,2023-07-15,not converted,,N/A,157.99,,EAST
LEAD-0663,SOCIAL MEDIA,2023-10-29,,,0,3403.05,BOB SMITH,North
LEAD-0315,referral,28/09/2023,CONVERTED,12-12-2023,779.43,247.71,N/A,
LEAD-0636,Email Campaign,07/08/2023,Yes,11-10-2023,40459.93,,alice johnson,NORTH
LEAD-0062,Email Campaign,14/03/2023,not converted,,0,3322.86,Eve Davis,West
LEAD-0009,SOCIAL MEDIA,05-06-2024,converted,2024-09-10,43124.59,3418.38,eve davis,EAST
LEAD-0585,SOCIAL MEDIA,27/06/2023,CONVERTED,13-09-2023,5494.73,1553.08,Alice Johnson,NORTH
LEAD-0124,EMAIL CAMPAIGN,05/09/2023,not converted,,0,1240.79,alice johnson,west
LEAD-0127,Website,29-06-2023,Yes,18/09/2023,40669.14,2315.51,BOB SMITH,North
LEAD-0653,Referral,2024-05-01,NOT CONVERTED,,,511.55,Alice Johnson,
LEAD-0669,social media,29-11-2023,CONVERTED,11/01/2024,31950.0,4265.19,eve davis,
LEAD-0424,Referral,20/02/2023,CONVERTED,02-28-2023,2317.69,4198.17,Alice Johnson,South
LEAD-0370,Website,30-11-2023,Yes,2024/03/21,46775.45,4745.01,DAVID BROWN,
LEAD-0033,Social Media,2024-03-22,,,0,3611.18,carol white,south
LEAD-0644,website,08-12-2023,No,,0,4680.72,Bob Smith,South
LEAD-0464,Direct,10-07-2023,not converted,,N/A,2332.49,Frank Miller,
LEAD-0556,,2023-08-18,Converted,2023/12/15,32531.78,4871.93,Bob Smith,North
LEAD-0500,social media,23/01/2023,,,,3296.01,Frank Miller,west
LEAD-0408,website,2023/01/31,not converted,,N/A,3301.81,Frank Miller,
LEAD-0175,referral,2023-10-09,,,0,4562.31,DAVID BROWN,North
LEAD-0020,Email Campaign,08/06/2023,not converted,,0,3752.48,Eve Davis,west
LEAD-0107,Direct,2023/04/27,,,0,1787.94,Bob Smith,West
LEAD-0661,Direct,17-04-2024,NOT CONVERTED,,0,,,East
LEAD-0518,SOCIAL MEDIA,15/04/2023,CONVERTED,19/06/2023,41662.89,3463.78,,west
LEAD-0607,DIRECT,2023/11/13,converted,2024/02/04,4715.03,3800.2,N/A,EAST
LEAD-0134,EMAIL CAMPAIGN,2023/05/21,NOT CONVERTED,,0,1285.58,DAVID BROWN,west
LEAD-0345,social media,2024-06-16,No,,0,1613.71,Frank Miller,
LEAD-0508,Social Media,05-01-2024,CONVERTED,06-04-2024,18796.68,1789.21,alice johnson,West
LEAD-0400,Email Campaign,22-07-2023,No,,,1249.46,Frank Miller,
LEAD-0466,Website,08-13-2023,not converted,,0,331.57,BOB SMITH,
LEAD-0446,EMAIL CAMPAIGN,17-03-2024,Pending,,0,1218.96,,
LEAD-0234,website,03/06/2023,Converted,13-08-2023,11613.51,1633.68,alice johnson,west
LEAD-0160,SOCIAL MEDIA,03/03/2024,Converted,19-06-2024,39504.05,4367.84,Carol White,
LEAD-0355,DIRECT,14/08/2023,NOT CONVERTED,,0,3519.05,David Brown,NORTH
LEAD-0091,EMAIL CAMPAIGN,01-03-2023,CONVERTED,2023/01/20,12907.38,unknown,eve davis,NORTH
LEAD-0376,Website,20/01/2023,Converted,2023-03-30,9703.91,3590.22,Bob Smith,North
LEAD-0699,EMAIL CAMPAIGN,2023-08-16,No,2023-08-16,0,1613.83,BOB SMITH,EAST
LEAD-0406,website,2024-06-04,NOT CONVERTED,,0,485.7,Eve Davis,North
LEAD-0084,social media,25/05/2023,No,,0,$1860.59,Eve Davis,South
LEAD-0114,referral,06/02/2024,Pending,,N/A,3235.29,,west
LEAD-0117,SOCIAL MEDIA,2023/07/05,CONVERTED,06-10-2023,2662.78,4849.46,N/A,EAST
LEAD-0076,Website,2024/05/14,Converted,2024-08-02,12121.13,1176.06,N/A,South
LEAD-0507,DIRECT,12/10/2023,Converted,2023/10/23,42547.84,4880.41,eve davis,
LEAD-0664,email campaign,10-08-2023,Converted,2023/11/26,32230.1,1983.56,Alice Johnson,North
LEAD-0143,DIRECT,02-20-2024,Yes,2024-03-01,8324.98,1733.95,carol white,NORTH
LEAD-0604,referral,18/10/2023,CONVERTED,31-01-2024,603.24,271.18,DAVID BROWN,NORTH
LEAD-0081,EMAIL CAMPAIGN,2023/02/20,Yes,06-07-2023,38899.18,1134.07,N/A,East
LEAD-0510,SOCIAL MEDIA,08-01-2023,Yes,2023/11/21,49338.6,3792.76,Carol White,south
LEAD-0451,Website,04-23-2023,Converted,24-05-2023,35259.98,1944.81,Frank Miller,East
LEAD-0023,DIRECT,2023-03-16,Yes,2023/06/04,49806.77,1362.74,BOB SMITH,NORTH
LEAD-0681,Social Media,2024-01-06,CONVERTED,2024/02/09,23045.8,3030.64,Alice Johnson,South
LEAD-0509,Email Campaign,01-03-2024,not converted,,0,4493.73,frank miller,
LEAD-0455,Social Media,05-09-2024,converted,23-07-2024,48106.02,2655.72,Carol White,EAST
LEAD-0249,Email Campaign,06-26-2024,Pending,,0,545.66,frank miller,North
LEAD-0320,social media,09/04/2023,,,0,1093.37,Frank Miller,south
LEAD-0504,email campaign,2023/06/16,not converted,,N/A,3854.16,Bob Smith,North
LEAD-0479,,02-16-2024,converted,2024/05/14,27521.3,unknown,carol white,South
LEAD-0412,direct,08/10/2023,Not Converted,,,3047.74,BOB SMITH,North
LEAD-0693,Referral,2023/05/27,Pending,,0,207.14,frank miller,west
LEAD-0314,email campaign,21/07/2023,not converted,,0,418.62,alice johnson,south
LEAD-0484,social media,02-06-2023,Yes,25/06/2023,,1461.07,N/A,EAST
,Website,08-02-2023,No,,0,1369.76,carol white,south
LEAD-0425,SOCIAL MEDIA,06-15-2023,Pending,,0,2882.8,,
LEAD-0578,direct,02-09-2024,converted,26/02/2024,$1186.86,4854.08,Frank Miller,East
LEAD-0597,email campaign,2023-04-24,NOT CONVERTED,,0,662.87,DAVID BROWN,north
LEAD-0379,Social Media,23-07-2023,converted,28/09/2023,23904.86,1649.16,Eve Davis,west
LEAD-0256,social media,09-01-2023,NOT CONVERTED,,0,489.19,carol white,EAST
LEAD-0227,social media,04-09-2023,Pending,04-09-2023,0,109.73,David Brown,
LEAD-0111,Website,2024/05/02,CONVERTED,10-05-2024,5623.34,3585.86,BOB SMITH,EAST
LEAD-0026,,2023-02-22,No,,,3867.04,,EAST
LEAD-0383,Email Campaign,2023-07-17,No,,0,2452.25,,EAST
LEAD-0609,Social Media,2024-05-18,NOT CONVERTED,,,1940.95,Eve Davis,East
,Direct,03-05-2024,No,,0,3029.34,eve davis,NORTH
LEAD-0323,,03-16-2023,,,0,1541.69,DAVID BROWN,south
LEAD-0393,email campaign,09-18-2023,Yes,15-11-2023,,2999.03,Carol White,North
LEAD-0294,,10-25-2023,NOT CONVERTED,,0,97.88,carol white,NORTH
LEAD-0584,referral,04-02-2024,NOT CONVERTED,,0,4230.43,,South
LEAD-0553,website,07-12-2023,converted,22/03/2024,35074.87,3030.47,DAVID BROWN,North
LEAD-0461,Referral,26/03/2024,Not Converted,,0,318.91,Alice Johnson,East
LEAD-0013,,2023/03/12,CONVERTED,29-03-2023,47369.01,3052.64,N/A,West
LEAD-0082,Direct,02-10-2023,Yes,2023/02/15,18560.63,1667.26,N/A,west
LEAD-0219,Email Campaign,2024-01-02,,,0,4133.0,Carol White,NORTH
LEAD-0108,referral,22/07/2023,Pending,,0,423.0,DAVID BROWN,
LEAD-0367,referral,2023/10/01,No,,,3752.08,Bob Smith,East
LEAD-0307,Website,29-10-2023,CONVERTED,16-11-2023,30324.96,4223.22,,west
LEAD-0411,EMAIL CAMPAIGN,06-11-2023,converted,2023/08/22,47455.78,4404.21,David Brown,south
LEAD-0278,referral,21-04-2023,converted,06-04-2023,32209.44,3569.91,Bob Smith,west
LEAD-0029,DIRECT,01-07-2023,Converted,07-24-2023,39228.13,3688.53,,South
LEAD-0078,,2024/01/27,Not Converted,,0,1199.33,Frank Miller,North
LEAD-0635,,2023/12/10,not converted,,N/A,4386.72,Alice Johnson,West
LEAD-0165,Direct,10-30-2023,Pending,,0,2417.0,carol white,south
LEAD-0613,SOCIAL MEDIA,2023/11/08,No,,0,2527.14,Eve Davis,East
LEAD-0512,DIRECT,03/01/2023,not converted,,0,3200.98,Carol White,south
LEAD-0016,DIRECT,29-04-2024,Not Converted,29-04-2024,0,1803.77,Alice Johnson,South
LEAD-0239,email campaign,02-27-2024,Yes,2024-06-02,29248.15,2002.04,Frank Miller,East
LEAD-0191,website,2023-08-26,NOT CONVERTED,,0,2998.26,Frank Miller,north
LEAD-0689,Website,19/11/2023,NOT CONVERTED,,0,4877.76,Alice Johnson,EAST
LEAD-0259,social media,03-17-2023,CONVERTED,09-07-2023,8464.77,4891.31,DAVID BROWN,North
LEAD-0060,email campaign,25-01-2024,Yes,2024/03/04,49506.55,3067.67,BOB SMITH,West
LEAD-0598,Social Media,04-09-2024,Not Converted,,0,2849.71,Eve Davis,
LEAD-0422,SOCIAL MEDIA,2023-07-27,Pending,,N/A,$4284.28,DAVID BROWN,West
LEAD-0309,Direct,2023-11-27,NOT CONVERTED,,0,4716.23,frank miller,west
LEAD-0231,referral,2023-06-29,Converted,28/09/2023,35224.23,2638.88,Bob Smith,NORTH
LEAD-0687,social media,2023-12-17,Pending,,0,97.06,Frank Miller,
LEAD-0516,Direct,2023-07-07,Pending,,0,4368.59,Carol White,north
LEAD-0633,EMAIL CAMPAIGN,12-18-2023,NOT CONVERTED,,0,3305.5,frank miller,west
LEAD-0642,social media,2024/04/26,converted,2024/05/18,19711.73,1902.62,,NORTH
LEAD-0502,referral,11/04/2024,Pending,,0,1461.97,,East
LEAD-0535,DIRECT,10-19-2023,Converted,2023/10/23,2733.36,-1,David Brown,South
LEAD-0333,SOCIAL MEDIA,01/04/2024,CONVERTED,2024/06/13,33140.96,2443.34,DAVID BROWN,West
LEAD-0268,website,26-04-2023,CONVERTED,2023/05/15,29602.74,4628.39,Carol White,west
LEAD-0565,SOCIAL MEDIA,25/02/2023,CONVERTED,02-03-2023,13381.09,4976.25,carol white,west
LEAD-0050,Website,2023/03/12,NOT CONVERTED,2023/03/12,N/A,572.42,frank miller,EAST
LEAD-0071,SOCIAL MEDIA,03-13-2023,No,,0,-1,frank miller,
LEAD-0690,website,2023-05-23,Pending,,0,4757.76,DAVID BROWN,
LEAD-0103,Direct,2024/05/13,not converted,2024/05/13,0,88.05,Bob Smith,north
LEAD-0034,Direct,2023/12/05,NOT CONVERTED,,,2560.26,,north
LEAD-0031,referral,03-13-2023,NOT CONVERTED,,,4699.22,Bob Smith,
LEAD-0059,Social Media,05/06/2023,Pending,,,636.34,N/A,
LEAD-0384,SOCIAL MEDIA,12-23-2023,Yes,2024/01/28,45766.46,817.38,carol white,EAST
LEAD-0482,referral,19-06-2024,No,,0,3001.55,alice johnson,north
LEAD-0162,direct,04-14-2024,CONVERTED,04-16-2024,39643.0,918.7,frank miller,south
LEAD-0686,SOCIAL MEDIA,07-16-2023,No,,0,590.52,alice johnson,south
LEAD-0632,Referral,2023-05-21,Converted,06-07-2023,29433.85,1820.83,Bob Smith,East
LEAD-0419,Social Media,03-07-2023,Pending,,0,4418.61,Frank Miller,East
LEAD-0619,,2024-03-31,NOT CONVERTED,,,1964.42,Alice Johnson,South
LEAD-0405,Email Campaign,2023-01-09,No,,0,4568.7,Carol White,south
LEAD-0229,website,2024-02-16,,,0,1584.04,N/A,East
LEAD-0296,Direct,2023-06-20,CONVERTED,2023-09-18,49087.67,4560.57,DAVID BROWN,East
LEAD-0572,EMAIL CAMPAIGN,10-07-2023,No,10-07-2023,0,4867.7,,East
LEAD-0390,Referral,28-06-2024,Not Converted,,0,2871.64,Eve Davis,south
LEAD-0692,Referral,11-05-2024,Pending,,N/A,4935.01,,south
LEAD-0441,Social Media,30-03-2023,No,,0,2984.14,eve davis,NORTH
LEAD-0665,DIRECT,26/07/2023,NOT CONVERTED,,0,2137.33,BOB SMITH,South
LEAD-0679,Website,29-01-2024,not converted,,0,,David Brown,
LEAD-0233,EMAIL CAMPAIGN,06-20-2023,CONVERTED,2023-07-23,44766.29,,BOB SMITH,North
,EMAIL CAMPAIGN,2023/11/20,converted,25-12-2023,44512.46,3248.59,Bob Smith,north
LEAD-0171,Website,02/05/2023,,,,4182.37,DAVID BROWN,west
LEAD-0226,Referral,2023-10-19,not converted,,0,983.8,N/A,West
LEAD-0574,referral,2023/02/18,converted,2023-06-16,25914.02,2350.05,carol white,north
LEAD-0260,Direct,2023/06/18,No,,,4873.27,,west
LEAD-0559,Referral,04/03/2024,No,,,1215.65,eve davis,EAST
LEAD-0331,EMAIL CAMPAIGN,2024/02/19,Not Converted,,0,2740.17,N/A,East
LEAD-0573,email campaign,2024-06-21,not converted,,N/A,1536.95,Carol White,West
LEAD-0288,DIRECT,2024-02-18,Not Converted,,0,unknown,alice johnson,NORTH
LEAD-0517,direct,2024-01-07,,,0,113.84,DAVID BROWN,south
LEAD-0477,Referral,2023-03-15,CONVERTED,2023-05-17,23825.37,3521.42,Alice Johnson,north
LEAD-0131,referral,2024/04/01,No,,N/A,259.66,David Brown,north
LEAD-0297,DIRECT,2024/01/03,Converted,23/04/2024,24412.44,2231.41,Alice Johnson,west
LEAD-0397,website,2024-03-02,Not Converted,,0,4646.83,Alice Johnson,north
LEAD-0159,Email Campaign,03/05/2024,not converted,,0,4544.29,Eve Davis,North
LEAD-0500,social media,23/01/2023,,,,3296.01,Frank Miller,west
LEAD-0244,Website,2023/03/28,Pending,,0,157.91,DAVID BROWN,East
LEAD-0655,social media,2023/05/13,No,,,693.16,,EAST
LEAD-0415,Website,13/04/2024,No,,N/A,3614.99,eve davis,
LEAD-0646,website,26/01/2023,Yes,02-25-2023,32445.07,4220.89,N/A,north
LEAD-0542,EMAIL CAMPAIGN,26/05/2024,Yes,2024/06/30,40542.21,4676.45,BOB SMITH,NORTH
LEAD-0075,SOCIAL MEDIA,18-03-2023,not converted,,0,3266.69,frank miller,west
LEAD-0498,Website,09/03/2023,Yes,2023-03-21,19838.78,430.89,Bob Smith,EAST
LEAD-0378,Email Campaign,05/07/2023,not converted,,0,653.71,N/A,EAST
LEAD-0557,website,24/09/2023,converted,11/11/2023,47388.55,2204.04,Frank Miller,EAST
LEAD-0189,EMAIL CAMPAIGN,03/02/2023,NOT CONVERTED,03/02/2023,,3773.66,alice johnson,north
LEAD-0418,direct,13/06/2024,Yes,28-09-2024,4976.82,2947.97,David Brown,south
LEAD-0344,direct,11-04-2023,CONVERTED,14-05-2023,38410.02,3011.55,Alice Johnson,North
LEAD-0433,direct,2023/11/20,,2023/11/20,0,1692.01,alice johnson,East
LEAD-0610,SOCIAL MEDIA,2023-09-19,CONVERTED,29-10-2023,34091.12,948.22,alice johnson,NORTH
LEAD-0354,EMAIL CAMPAIGN,10/05/2024,NOT CONVERTED,,N/A,4487.79,Carol White,South
LEAD-0014,website,18-01-2024,,,0,1723.52,BOB SMITH,North
LEAD-0369,EMAIL CAMPAIGN,2023-06-09,No,,,2243.64,Bob Smith,North
LEAD-0629,Email Campaign,02-26-2023,Pending,,0,2818.33,alice johnson,
LEAD-0197,Referral,2024-04-13,CONVERTED,2024-05-22,47466.76,4030.18,frank miller,
LEAD-0471,Social Media,24/05/2024,Converted,2024-09-21,33397.99,4527.86,N/A,EAST
LEAD-0303,Referral,01-03-2023,NOT CONVERTED,,0,1495.32,Alice Johnson,East
LEAD-0089,Website,2024-01-03,No,,0,4747.6,BOB SMITH,
LEAD-0622,EMAIL CAMPAIGN,27-05-2024,CONVERTED,06/08/2024,33162.0,2847.44,alice johnson,East
LEAD-0457,Email Campaign,06-12-2023,NOT CONVERTED,,0,-1,,
LEAD-0515,Social Media,10-07-2023,No,,0,291.14,alice johnson,west
LEAD-0341,direct,17-12-2023,Pending,,N/A,,frank miller,East
LEAD-0654,SOCIAL MEDIA,2023-07-23,No,,0,$2300.59,carol white,south
LEAD-0538,Website,11-04-2023,converted,09/07/2023,17130.39,1730.72,David Brown,West
LEAD-0480,SOCIAL MEDIA,01/03/2024,NOT CONVERTED,,0,710.19,David Brown,East
,Referral,2023-09-13,NOT CONVERTED,,0,288.33,Bob Smith,south
LEAD-0205,Social Media,2023-04-28,NOT CONVERTED,,0,863.55,Bob Smith,west
LEAD-0167,email campaign,2023/07/27,,,N/A,625.39,alice johnson,west
LEAD-0465,email campaign,12/12/2023,NOT CONVERTED,,0,,Eve Davis,South
LEAD-0493,direct,25-01-2023,Yes,04/05/2023,43772.85,1883.58,frank miller,South
LEAD-0497,email campaign,03-09-2024,Converted,03-18-2024,17588.72,657.41,Eve Davis,north
LEAD-0164,Social Media,09-25-2023,Not Converted,09-25-2023,,840.6,,north
LEAD-0350,referral,28/02/2023,Yes,2023-04-26,10484.51,unknown,eve davis,East
LEAD-0470,Direct,2024-05-18,CONVERTED,27-07-2024,11310.13,3591.23,eve davis,north
LEAD-0398,Website,06-03-2023,,,N/A,4856.65,alice johnson,West
LEAD-0472,website,2023/03/13,Not Converted,2023/03/13,0,4098.98,carol white,NORTH
LEAD-0289,DIRECT,08-02-2023,not converted,,0,,Frank Miller,North
LEAD-0017,direct,2023-12-14,Not Converted,,0,743.9,frank miller,South
LEAD-0170,DIRECT,19-05-2023,NOT CONVERTED,,N/A,1909.45,Eve Davis,East
LEAD-0216,direct,10-27-2023,Pending,,0,4928.17,N/A,south
LEAD-0300,Direct,23-01-2024,Not Converted,23-01-2024,N/A,485.7,DAVID BROWN,North
LEAD-0364,,18-09-2023,converted,11-15-2023,13358.57,4059.58,carol white,
LEAD-0621,DIRECT,15/08/2023,Yes,2023-10-01,14397.44,1084.98,David Brown,South
LEAD-0563,Website,27-06-2024,CONVERTED,2024-07-31,16006.85,4868.19,David Brown,north
LEAD-0513,direct,2023-09-08,converted,12-15-2023,24905.99,1840.71,Carol White,EAST
LEAD-0057,Social Media,30/06/2024,not converted,30/06/2024,,3502.22,DAVID BROWN,South
LEAD-0313,Direct,2023/11/17,Converted,11-19-2023,10552.82,2243.17,,NORTH
LEAD-0678,social media,08/12/2023,Yes,03/01/2024,,3665.32,David Brown,south
LEAD-0603,SOCIAL MEDIA,05-01-2023,not converted,,N/A,188.49,David Brown,North
LEAD-0223,,08/03/2024,Yes,18/03/2024,19461.96,1601.09,N/A,East
LEAD-0318,email campaign,2023-01-10,NOT CONVERTED,,0,3087.82,Frank Miller,NORTH
LEAD-0072,Direct,16/05/2024,Yes,24-07-2024,17583.64,2303.96,,West
LEAD-0083,Website,2024/06/27,not converted,,N/A,4838.55,N/A,South
LEAD-0454,website,30/12/2023,CONVERTED,2024/02/23,867.78,3575.04,eve davis,NORTH
LEAD-0684,referral,03-08-2023,not converted,03-08-2023,N/A,57.81,Eve Davis,south
LEAD-0342,SOCIAL MEDIA,2024/05/02,Pending,2024/05/02,0,2541.48,Bob Smith,
LEAD-0560,Email Campaign,05-17-2023,No,,0,3556.84,alice johnson,west
LEAD-0275,website,20/02/2023,Pending,,,3254.53,David Brown,west
LEAD-0439,DIRECT,2024-03-27,not converted,,0,4793.58,Eve Davis,NORTH
LEAD-0431,Website,2024/02/10,Pending,,0,1010.38,DAVID BROWN,EAST
LEAD-0187,Referral,08-20-2023,converted,2023-11-12,5128.28,unknown,alice johnson,EAST
LEAD-0353,email campaign,2023/03/16,not converted,,,4386.76,,EAST
LEAD-0356,SOCIAL MEDIA,05-02-2024,NOT CONVERTED,,0,954.78,BOB SMITH,EAST
LEAD-0203,direct,15-08-2023,NOT CONVERTED,,0,2963.52,Alice Johnson,EAST
LEAD-0241,Email Campaign,04-22-2024,No,,,2286.99,alice johnson,East
LEAD-0429,SOCIAL MEDIA,08-27-2023,Not Converted,08-27-2023,0,3700.47,David Brown,south
LEAD-0628,EMAIL CAMPAIGN,2024-03-25,Yes,2024-06-08,4733.97,1600.73,Bob Smith,North
LEAD-0459,EMAIL CAMPAIGN,10-15-2023,not converted,10-15-2023,,4555.15,carol white,East
LEAD-0329,DIRECT,15-08-2023,not converted,,,4395.53,Carol White,EAST
LEAD-0216,direct,10-27-2023,Pending,,0,4928.17,N/A,south
LEAD-0624,Social Media,2024-03-13,NOT CONVERTED,,0,1406.48,carol white,west
LEAD-0211,Email Campaign,02-24-2023,Converted,28/04/2023,10158.86,3282.7,,EAST
LEAD-0079,Email Campaign,2023/10/22,CONVERTED,01-11-2023,47289.16,4812.04,Carol White,West
LEAD-0336,Referral,12-06-2024,NOT CONVERTED,,N/A,unknown,DAVID BROWN,East
LEAD-0698,SOCIAL MEDIA,17-11-2023,Pending,,,4243.24,carol white,East
LEAD-0386,Direct,2024/05/24,CONVERTED,08-11-2024,16468.7,2639.84,Bob Smith,East
LEAD-0568,social media,28/11/2023,Converted,09-12-2023,41619.61,$4778.25,Alice Johnson,
LEAD-0252,Referral,05-14-2023,CONVERTED,09-09-2023,3448.02,751.18,carol white,South
LEAD-0561,Website,29-08-2023,NOT CONVERTED,,0,4837.69,Alice Johnson,North
LEAD-0052,Referral,03-30-2023,Yes,01-05-2023,28707.56,2496.82,carol white,north
LEAD-0463,DIRECT,04-04-2024,NOT CONVERTED,,0,253.04,frank miller,south
LEAD-0520,Website,06-26-2023,Converted,2023-09-30,11506.71,1171.54,alice johnson,south
LEAD-0206,email campaign,12-03-2024,Not Converted,,0,972.62,,
LEAD-0096,Referral,02-28-2024,Yes,20-04-2024,36615.82,1311.7,DAVID BROWN,South
LEAD-0180,email campaign,11-26-2023,No,,0,1576.69,DAVID BROWN,South
LEAD-0003,SOCIAL MEDIA,08-09-2023,converted,21-08-2023,5287.46,4045.28,David Brown,South
LEAD-0055,direct,04-09-2024,not converted,,,1611.96,,East
LEAD-0437,SOCIAL MEDIA,2023/04/11,CONVERTED,2023-05-08,23238.74,70.34,eve davis,South
LEAD-0670,email campaign,2023/08/27,Pending,,0,3100.93,,south
LEAD-0169,Social Media,2023/08/12,converted,18-08-2023,17554.18,4676.18,Alice Johnson,north
LEAD-0236,email campaign,2024-04-12,NOT CONVERTED,,0,1554.35,eve davis,EAST
LEAD-0388,Website,2023/08/15,converted,17/08/2023,32959.59,2366.89,,south
,Email Campaign,2023-03-24,Converted,2023-04-16,35483.69,3482.84,Bob Smith,West
LEAD-0183,direct,27/12/2023,CONVERTED,2024/03/29,24671.66,3226.96,frank miller,South
LEAD-0549,referral,26-03-2024,not converted,,,3513.11,DAVID BROWN,West
LEAD-0250,Referral,02-02-2024,CONVERTED,25/02/2024,29829.72,-1,eve davis,
LEAD-0317,email campaign,2024-02-18,NOT CONVERTED,,,1688.78,eve davis,west
LEAD-0238,Social Media,01-21-2024,converted,2024/02/17,49164.23,4864.17,Alice Johnson,West
LEAD-0019,website,02/03/2023,No,02/03/2023,N/A,1461.98,N/A,west
LEAD-0447,social media,04-19-2024,,04-19-2024,,4781.62,frank miller,
LEAD-0330,SOCIAL MEDIA,03-25-2023,CONVERTED,2023/07/18,10223.38,3650.76,Frank Miller,North
LEAD-0423,Direct,02-05-2024,No,,0,82.54,Frank Miller,west
LEAD-0112,email campaign,2024/06/19,CONVERTED,08-05-2024,45937.87,3410.54,carol white,South
LEAD-0202,EMAIL CAMPAIGN,2023/02/15,No,,N/A,574.43,,west
LEAD-0292,website,30/10/2023,Converted,09-01-2024,45562.65,,alice johnson,
LEAD-0534,social media,2024/05/17,,,,2558.09,David Brown,
LEAD-0002,Social Media,2023/07/23,No,,0,unknown,,south
LEAD-0110,Website,2023-10-21,converted,2024/01/08,25599.86,3969.5,N/A,
LEAD-0136,direct,2024-03-31,NOT CONVERTED,,0,2772.49,Bob Smith,East
LEAD-0151,email campaign,2024/06/05,Yes,2024/09/04,15339.63,3385.34,N/A,North
LEAD-0248,DIRECT,05-11-2024,Pending,,,$179.01,N/A,north
LEAD-0154,email campaign,2023/08/01,NOT CONVERTED,,N/A,1603.08,carol white,west
LEAD-0695,Website,01-28-2024,Not Converted,,0,4759.94,Eve Davis,EAST
LEAD-0061,social media,10/06/2023,CONVERTED,2023-08-20,8248.36,-1,,north
LEAD-0675,Referral,10/03/2024,Pending,,N/A,4840.24,DAVID BROWN,South
LEAD-0533,Website,21-01-2024,Yes,2024-01-26,9255.02,4429.27,Carol White,south
LEAD-0491,Social Media,2024/04/26,Converted,2024/06/20,20018.85,535.1,N/A,North
LEAD-0174,referral,2023/08/28,NOT CONVERTED,,0,4100.99,Frank Miller,west
LEAD-0682,Direct,29-01-2024,Pending,,,4386.23,,north
LEAD-0192,Email Campaign,17/05/2024,NOT CONVERTED,,,3414.49,eve davis,north
LEAD-0483,Social Media,30/08/2023,converted,2023-11-06,31136.59,2562.33,BOB SMITH,north
LEAD-0195,social media,29-11-2023,Converted,06-01-2024,19696.08,4530.78,Bob Smith,south
LEAD-0530,referral,16-05-2024,Not Converted,,0,3702.1,Alice Johnson,East
LEAD-0217,referral,10/05/2023,Not Converted,,,3819.29,eve davis,north
LEAD-0531,Direct,01/12/2023,not converted,,0,3322.35,DAVID BROWN,West
LEAD-0181,direct,04-25-2024,Not Converted,,,,Carol White,East
LEAD-0396,,2023/04/08,not converted,2023/04/08,0,1938.65,carol white,NORTH
LEAD-0069,direct,06-12-2023,,06-12-2023,,4961.67,alice johnson,East
LEAD-0188,Direct,2023/12/06,converted,2024/03/30,45998.03,3476.82,alice johnson,north
LEAD-0039,DIRECT,2024/04/20,,,0,4462.56,Eve Davis,south
LEAD-0505,email campaign,06-03-2024,not converted,,,4007.9,carol white,South
LEAD-0116,,2023/04/14,,,0,236.85,Bob Smith,
LEAD-0269,website,28-09-2023,Yes,2023/12/11,23915.81,3110.31,David Brown,NORTH
LEAD-0346,,2024/03/09,NOT CONVERTED,,0,2017.4,Eve Davis,EAST
LEAD-0700,SOCIAL MEDIA,18/10/2023,Converted,01-03-2024,15790.13,4984.4,frank miller,West
LEAD-0230,website,03-09-2023,No,,0,336.63,DAVID BROWN,
LEAD-0311,SOCIAL MEDIA,03-05-2023,Not Converted,,N/A,557.28,frank miller,West
LEAD-0022,EMAIL CAMPAIGN,06-19-2024,not converted,,0,1231.5,Carol White,EAST
LEAD-0443,Referral,2023/05/28,not converted,,,3954.45,Alice Johnson,South
LEAD-0499,Referral,2024-06-17,not converted,,0,4662.02,,North
LEAD-0697,DIRECT,23/03/2024,Not Converted,,0,491.24,,South
LEAD-0339,email campaign,2024/02/20,Pending,,0,3653.47,BOB SMITH,EAST
LEAD-0602,social media,06-08-2023,Yes,11/08/2023,47231.44,3027.92,eve davis,north
LEAD-0478,social media,2024/04/12,CONVERTED,2024/07/28,3665.9,2995.14,BOB SMITH,south
LEAD-0274,social media,01/02/2023,NOT CONVERTED,,N/A,2955.06,Carol White,South
LEAD-0360,website,28-06-2023,converted,2023/09/26,$23273.49,1093.22,eve davis,north
,direct,04-24-2023,Yes,2023-06-24,16927.9,2754.8,eve davis,East
LEAD-0695,Website,01-28-2024,Not Converted,,0,4759.94,Eve Davis,EAST
LEAD-0004,,2024/01/06,Not Converted,,,3876.69,frank miller,South
LEAD-0539,,2023/03/19,Not Converted,,N/A,4032.78,,
LEAD-0098,direct,02-22-2023,Pending,,,815.91,carol white,west
LEAD-0316,referral,2024/05/17,,,0,1623.4,alice johnson,west
LEAD-0008,Direct,14/04/2024,not converted,,0,2717.94,eve davis,south
LEAD-0208,Email Campaign,04-27-2023,Yes,07-04-2023,30050.06,1772.23,frank miller,north
LEAD-0506,Social Media,2023/05/23,converted,2023-07-02,20380.68,507.78,eve davis,west
LEAD-0358,Direct,2024/05/19,Converted,2024/08/25,47920.66,1611.31,eve davis,north
LEAD-0473,website,2023-02-26,NOT CONVERTED,,0,448.26,Frank Miller,West
LEAD-0402,Email Campaign,15/02/2023,Not Converted,,0,606.24,Bob Smith,north
LEAD-0351,Website,2023-09-02,CONVERTED,09-14-2023,39093.81,2951.1,alice johnson,South
LEAD-0264,direct,2023-04-10,NOT CONVERTED,,,2790.33,David Brown,west
LEAD-0583,Email Campaign,19-12-2023,Not Converted,,0,3440.62,,EAST
LEAD-0246,SOCIAL MEDIA,10-09-2023,Yes,31/01/2024,2215.15,1510.77,Alice Johnson,South
LEAD-0070,direct,2023/10/26,not converted,,N/A,1256.47,eve davis,west
LEAD-0375,email campaign,03-10-2023,Not Converted,,,596.26,,
LEAD-0546,Social Media,03-27-2023,Pending,,N/A,4489.03,David Brown,East
LEAD-0673,Direct,12/09/2023,Pending,,0,958.55,DAVID BROWN,South
LEAD-0218,website,2024-04-07,converted,2024/05/29,37615.22,2300.74,frank miller,South
LEAD-0606,website,01/02/2024,No,,N/A,3692.77,,North
LEAD-0253,Direct,2024/02/10,converted,03-25-2024,16468.86,2212.5,carol white,East
LEAD-0284,SOCIAL MEDIA,2023-11-17,Converted,01-14-2024,10864.43,834.25,Bob Smith,
LEAD-0555,Direct,02-25-2024,Yes,27/04/2024,13403.65,4007.67,Bob Smith,south
LEAD-0381,referral,03-05-2023,Not Converted,03-05-2023,N/A,3457.61,BOB SMITH,East
LEAD-0044,Website,19/02/2024,Yes,16/06/2024,49045.74,2979.87,David Brown,East
LEAD-0030,Social Media,26/04/2024,Not Converted,,,4111.66,Frank Miller,West
LEAD-0295,EMAIL CAMPAIGN,2023-10-02,NOT CONVERTED,,N/A,2031.24,,EAST
LEAD-0647,social media,2023-05-02,NOT CONVERTED,2023-05-02,,3391.78,N/A,north
LEAD-0581,EMAIL CAMPAIGN,2023-10-25,Yes,16-12-2023,25911.11,4530.11,Alice Johnson,west
LEAD-0649,email campaign,02-06-2023,Not Converted,,0,2398.47,N/A,EAST
LEAD-0374,Referral,2023-09-27,No,,0,4009.8,Carol White,north
LEAD-0040,email campaign,01/04/2024,Yes,05-29-2024,37712.95,3899.49,DAVID BROWN,South
LEAD-0641,email campaign,29/10/2023,NOT CONVERTED,,0,1436.36,eve davis,EAST
LEAD-0325,Social Media,2023-05-25,Converted,2023/05/26,30034.42,1558.22,carol white,West
LEAD-0047,Referral,2023/01/21,CONVERTED,21/02/2023,23941.27,2351.92,eve davis,
LEAD-0161,Website,19-10-2023,,,0,714.29,N/A,South
LEAD-0395,EMAIL CAMPAIGN,13/09/2023,not converted,,N/A,2866.87,carol white,EAST
LEAD-0617,Direct,11-26-2023,Not Converted,,0,128.58,Alice Johnson,
LEAD-0426,Social Media,04-06-2023,NOT CONVERTED,,0,3804.29,DAVID BROWN,East
LEAD-0045,SOCIAL MEDIA,02-21-2023,No,,,3818.09,frank miller,south
LEAD-0326,Direct,08/06/2024,CONVERTED,02/07/2024,31035.8,3371.34,N/A,west
LEAD-0616,social media,2023/05/24,not converted,,,4425.46,N/A,EAST
LEAD-0118,Referral,13-11-2023,Not Converted,,0,4922.98,David Brown,west
LEAD-0525,Website,24-01-2024,Not Converted,,,661.9,N/A,NORTH
LEAD-0639,Referral,09-11-2023,Not Converted,,,4708.75,David Brown,South
LEAD-0571,referral,05-15-2023,converted,08-30-2023,25876.33,2408.38,N/A,south
LEAD-0220,SOCIAL MEDIA,05-11-2024,Converted,2024-05-17,$31495.89,4650.69,David Brown,West
LEAD-0142,EMAIL CAMPAIGN,2023-02-12,converted,2023/02/18,13600.47,-1,Frank Miller,north
LEAD-0544,referral,30-08-2023,Not Converted,,,3995.37,David Brown,south
LEAD-0258,website,2023/12/26,No,,,855.15,Carol White,North
LEAD-0240,referral,19-11-2023,NOT CONVERTED,,0,4720.6,alice johnson,East
LEAD-0409,Direct,21-08-2023,Not Converted,,,4553.19,BOB SMITH,East
LEAD-0182,Referral,2024/01/24,Not Converted,,0,3439.99,,EAST
LEAD-0225,EMAIL CAMPAIGN,29/03/2024,converted,2024-07-22,7430.65,1790.1,BOB SMITH,north
LEAD-0094,Email Campaign,2023-03-17,NOT CONVERTED,,,3140.37,David Brown,
LEAD-0235,Social Media,03/07/2023,,,0,391.19,frank miller,north
LEAD-0362,SOCIAL MEDIA,2023-08-23,not converted,,0,4288.73,,East
LEAD-0605,Email Campaign,16/05/2023,,,0,3352.74,alice johnson,
LEAD-0487,Email Campaign,02-07-2023,NOT CONVERTED,,0,3178.5,Bob Smith,North
LEAD-0656,EMAIL CAMPAIGN,2023/11/14,Not Converted,,0,unknown,DAVID BROWN,South
LEAD-0527,referral,14/03/2024,converted,07-07-2024,$46984.56,3387.09,Eve Davis,South
LEAD-0399,DIRECT,08/02/2024,CONVERTED,2024-03-23,24054.81,1349.66,,East
LEAD-0363,Social Media,30-06-2023,Yes,2023/07/18,26932.14,1292.32,alice johnson,East
LEAD-0623,EMAIL CAMPAIGN,2023/08/22,not converted,,0,4960.16,Carol White,west
LEAD-0328,Referral,22-11-2023,Yes,2024/01/04,33141.4,2855.97,Bob Smith,North
LEAD-0521,DIRECT,2023-04-25,Converted,03-08-2023,0,212.32,DAVID BROWN,South
LEAD-0028,Referral,2023-09-13,NOT CONVERTED,,0,2061.57,BOB SMITH,East
LEAD-0137,email campaign,2023-08-18,Not Converted,,N/A,180.11,N/A,west
LEAD-0651,SOCIAL MEDIA,2023-11-09,Yes,02-21-2024,17321.2,2046.68,carol white,
LEAD-0291,referral,21-05-2023,converted,2023/07/26,6327.86,1033.3,Eve Davis,West
LEAD-0511,Email Campaign,21/05/2023,CONVERTED,05-09-2023,14828.43,1544.86,,EAST
LEAD-0023,DIRECT,2023-03-16,Yes,2023/06/04,49806.77,1362.74,BOB SMITH,NORTH
LEAD-0065,Social Media,2023/10/03,Converted,09/01/2024,23789.79,948.37,DAVID BROWN,South
LEAD-0337,email campaign,15/10/2023,CONVERTED,08/11/2023,18430.04,1190.21,DAVID BROWN,EAST
LEAD-0529,referral,07-10-2023,NOT CONVERTED,,0,2052.0,N/A,EAST
LEAD-0366,SOCIAL MEDIA,06-21-2023,No,,0,4252.06,BOB SMITH,NORTH
LEAD-0594,email campaign,31-05-2023,Yes,22/08/2023,44435.2,2238.61,Frank Miller,south
LEAD-0352,direct,12-23-2023,not converted,,0,$2301.06,Bob Smith,south
LEAD-0005,Email Campaign,09/01/2024,NOT CONVERTED,,0,3524.01,Frank Miller,East
LEAD-0133,social media,08-30-2023,NOT CONVERTED,,0,3045.22,carol white,EAST
LEAD-0615,,01-25-2024,Not Converted,,0,275.15,Carol White,South
LEAD-0304,,2024-02-24,not converted,,N/A,1117.17,carol white,South
LEAD-0245,,2023-12-06,Converted,2024-02-04,8815.47,,Bob Smith,NORTH
LEAD-0207,Email Campaign,15-03-2024,Converted,14/06/2024,10686.33,359.69,Bob Smith,NORTH
LEAD-0545,Social Media,26/07/2023,not converted,,,3310.42,,EAST
LEAD-0452,Referral,01-29-2024,No,,0,3366.83,Alice Johnson,East
LEAD-0305,Social Media,07-05-2023,Yes,2023/07/31,47831.42,,frank miller,
LEAD-0489,EMAIL CAMPAIGN,2023-08-24,No,,,2978.33,,south
LEAD-0273,,2023-07-25,Not Converted,2023-07-25,,3537.94,Eve Davis,south
LEAD-0620,Referral,2024-03-31,Not Converted,,0,3418.74,frank miller,
LEAD-0348,direct,2023-06-15,Not Converted,,0,4014.23,Alice Johnson,East
LEAD-0380,Email Campaign,02/11/2023,NOT CONVERTED,,0,1128.05,carol white,North
LEAD-0413,direct,03/05/2024,,,,960.68,Bob Smith,West
LEAD-0659,Direct,2023/07/07,converted,2023-08-27,12364.92,3159.01,,West
LEAD-0093,EMAIL CAMPAIGN,2023/02/14,not converted,,0,351.09,Frank Miller,South
LEAD-0402,Email Campaign,15/02/2023,Not Converted,,0,606.24,Bob Smith,north
LEAD-0658,,01-11-2023,Pending,,0,2104.51,David Brown,EAST
LEAD-0163,social media,2024-02-15,CONVERTED,04-03-2024,16518.28,1215.83,Carol White,
LEAD-0088,,2024/05/16,No,,,1125.48,carol white,South
LEAD-0025,social media,06-09-2023,not converted,,0,1057.81,DAVID BROWN,north
LEAD-0460,direct,30-08-2023,CONVERTED,2023/12/11,43169.71,768.1,DAVID BROWN,south
LEAD-0051,website,2023/06/30,not converted,,0,3884.48,eve davis,north
LEAD-0061,social media,10/06/2023,CONVERTED,2023-08-20,8248.36,-1,,north
LEAD-0139,Direct,17-03-2023,Yes,2023/06/13,17553.48,3216.98,David Brown,west
LEAD-0283,Referral,17-12-2023,Pending,,0,758.96,alice johnson,EAST
LEAD-0145,website,12/09/2023,NOT CONVERTED,,0,989.68,DAVID BROWN,EAST
LEAD-0444,Website,05-05-2024,CONVERTED,06-11-2024,30419.79,4096.89,Frank Miller,South
LEAD-0293,SOCIAL MEDIA,2023/04/03,converted,2023-07-05,45286.58,4887.59,frank miller,East
LEAD-0359,DIRECT,06-07-2024,No,,0,318.03,Eve Davis,North
LEAD-0179,Referral,12-07-2023,Converted,04/01/2024,48122.84,2420.66,BOB SMITH,south
LEAD-0271,Referral,05-18-2023,Yes,08-26-2023,13836.29,980.28,,EAST
LEAD-0049,direct,2023-09-06,not converted,,0,649.22,carol white,west
LEAD-0691,,2024/05/01,No,,,132.32,N/A,NORTH
LEAD-0668,social media,12-08-2023,not converted,,0,3577.03,eve davis,East
LEAD-0421,SOCIAL MEDIA,2023/12/10,CONVERTED,31/12/2023,9353.9,1582.12,Frank Miller,East
LEAD-0302,Social Media,17-08-2023,NOT CONVERTED,,0,2392.01,alice johnson,South
LEAD-0157,Email Campaign,20-09-2023,Not Converted,,0,4668.47,eve davis,
LEAD-0449,referral,2024/02/04,Pending,,,1533.69,David Brown,NORTH
LEAD-0588,DIRECT,2023/04/15,Converted,2023-06-19,8768.79,1840.11,N/A,west
LEAD-0270,Social Media,05-01-2024,NOT CONVERTED,05-01-2024,0,1550.12,,South
LEAD-0596,email campaign,2023/11/16,NOT CONVERTED,,0,4457.08,frank miller,north
LEAD-0064,Email Campaign,2024-03-24,Pending,2024-03-24,,unknown,Frank Miller,
LEAD-0474,Social Media,29/01/2024,not converted,,0,3171.55,Frank Miller,EAST
LEAD-0562,EMAIL CAMPAIGN,01-26-2024,No,,0,2923.41,carol white,EAST
LEAD-0677,social media,2023/11/04,,,0,1323.59,David Brown,west
LEAD-0488,Social Media,15/10/2023,converted,02-02-2024,23199.66,4437.72,Frank Miller,
,referral,03-31-2024,not converted,,N/A,2271.78,Alice Johnson,South
LEAD-0228,email campaign,26-06-2023,converted,2023/06/29,3842.86,349.32,Frank Miller,west
LEAD-0387,Referral,20-04-2023,Not Converted,20-04-2023,0,4189.68,,
LEAD-0101,email campaign,09-08-2023,No,,,3621.9,alice johnson,North
LEAD-0011,DIRECT,2023/07/02,converted,10-22-2023,42162.63,1900.87,Eve Davis,North
LEAD-0637,social media,05-26-2023,Yes,2023/06/20,45679.08,1035.66,Carol White,East
LEAD-0232,DIRECT,2023-10-03,Converted,15-11-2023,13963.04,2904.43,carol white,North
LEAD-0150,Website,2024/04/30,Yes,2024/05/20,44710.02,1626.72,frank miller,north
LEAD-0280,Website,2023/08/16,Yes,12-11-2023,25612.09,4388.65,Bob Smith,north
LEAD-0342,SOCIAL MEDIA,2024/05/02,Pending,2024/05/02,0,2541.48,Bob Smith,
,,05-20-2023,not converted,,N/A,$4737.44,David Brown,north
LEAD-0657,EMAIL CAMPAIGN,2023/09/10,NOT CONVERTED,,0,2328.01,Carol White,EAST
LEAD-0338,EMAIL CAMPAIGN,15-06-2023,Converted,2023-07-17,6830.31,2587.58,Bob Smith,north
LEAD-0068,DIRECT,22/02/2023,not converted,,0,2218.67,Frank Miller,
LEAD-0417,Direct,20/02/2023,not converted,,0,3879.7,Carol White,
LEAD-0113,email campaign,01-31-2024,not converted,,0,4536.4,eve davis,East
LEAD-0591,Referral,22-05-2023,No,,0,4761.61,Alice Johnson,EAST
LEAD-0277,website,24-12-2023,not converted,,N/A,-1,Eve Davis,
LEAD-0080,,2024-05-09,Not Converted,,,4963.83,Frank Miller,south
LEAD-0254,email campaign,01/01/2024,Pending,,,680.37,eve davis,south
LEAD-0027,website,2023-01-10,converted,04/05/2023,27506.72,783.06,N/A,North
LEAD-0389,DIRECT,2023/03/01,not converted,,0,4180.56,Eve Davis,South
LEAD-0631,Referral,2023-04-21,Converted,2023-07-07,29847.88,673.61,DAVID BROWN,
LEAD-0324,Direct,01-02-2023,CONVERTED,11/04/2023,7250.88,2751.34,Frank Miller,NORTH
LEAD-0158,Social Media,27/06/2024,Not Converted,27/06/2024,N/A,$547.7,Eve Davis,East
LEAD-0430,Website,2023-08-06,Not Converted,,0,1573.47,Alice Johnson,South
LEAD-0618,Social Media,27-06-2023,,,0,3824.2,Frank Miller,South
LEAD-0524,referral,2023/06/25,Converted,2023-09-26,46249.49,2399.84,Frank Miller,South
LEAD-0382,Direct,2023-12-13,Converted,28/01/2024,35215.74,1201.74,N/A,NORTH
LEAD-0198,Website,25-07-2023,NOT CONVERTED,,,1492.67,eve davis,West
LEAD-0276,DIRECT,10-01-2023,CONVERTED,03/04/2023,,3061.3,,north
LEAD-0073,Referral,2024-02-25,NOT CONVERTED,,0,4066.47,frank miller,East
LEAD-0209,EMAIL CAMPAIGN,28/03/2023,NOT CONVERTED,,,1897.87,eve davis,East
LEAD-0147,Direct,04-26-2024,,04-26-2024,,4418.16,carol white,North
LEAD-0436,Website,08/02/2023,converted,2023/04/06,1734.27,991.55,Eve Davis,north
LEAD-0261,referral,01/11/2023,converted,08-11-2023,28802.61,1836.1,Frank Miller,
LEAD-0086,Referral,06-03-2023,not converted,,0,4733.99,alice johnson,West
LEAD-0468,Email Campaign,19-03-2023,not converted,,0,3354.52,N/A,South
LEAD-0410,Direct,27/07/2023,not converted,,0,4552.34,N/A,East
LEAD-0507,DIRECT,12/10/2023,Converted,2023/10/23,42547.84,4880.41,eve davis,
LEAD-0391,DIRECT,02-01-2024,No,,,2772.33,Eve Davis,
LEAD-0267,referral,2023-11-24,converted,2024/01/13,20169.07,2317.88,eve davis,
LEAD-0262,social media,27/01/2023,CONVERTED,04-19-2023,48864.36,3935.14,Carol White,South
LEAD-0077,direct,2023-11-03,Converted,2023-12-15,15021.7,2679.27,Bob Smith,East
LEAD-0433,direct,2023/11/20,,2023/11/20,0,1692.01,alice johnson,East
LEAD-0600,,2024-02-26,converted,05-03-2024,44481.21,1878.01,Eve Davis,south
LEAD-0285,website,18-02-2024,Yes,2024-04-08,2367.4,119.68,BOB SMITH,North
LEAD-0368,SOCIAL MEDIA,08-29-2023,converted,25/09/2023,20153.76,2392.27,Eve Davis,South
LEAD-0222,DIRECT,28-08-2023,converted,2023-11-27,553.77,$1169.64,,NORTH
LEAD-0138,social media,03-09-2023,No,,0,2652.19,alice johnson,East
LEAD-0221,SOCIAL MEDIA,06/11/2023,not converted,06/11/2023,0,1890.63,David Brown,north
LEAD-0307,Website,29-10-2023,CONVERTED,16-11-2023,30324.96,4223.22,,west
LEAD-0146,Email Campaign,2023-01-24,No,,0,1114.96,DAVID BROWN,
LEAD-0193,direct,2023-03-17,not converted,,0,3187.81,alice johnson,South
LEAD-0038,SOCIAL MEDIA,2023-01-06,No,,0,3494.76,frank miller,South
LEAD-0243,SOCIAL MEDIA,01-02-2023,Yes,2023/04/14,12867.71,unknown,Bob Smith,West
LEAD-0046,social media,2024-04-26,,2024-04-26,0,1159.9,Alice Johnson,North
LEAD-0627,Direct,12-09-2023,Not Converted,,,4170.96,BOB SMITH,South
LEAD-0694,Email Campaign,22-06-2023,converted,2023/08/23,12424.63,3315.74,,North
LEAD-0523,referral,12-23-2023,CONVERTED,2024/04/11,39149.71,388.27,Eve Davis,West
LEAD-0612,email campaign,2024-02-21,Yes,25-02-2024,$31860.29,2792.67,N/A,west
LEAD-0361,referral,08-31-2023,Yes,11-18-2023,18613.25,3518.53,Carol White,EAST
LEAD-0536,Website,02-26-2024,Converted,21/05/2024,12756.89,4556.43,carol white,East
LEAD-0321,Referral,2024-03-21,CONVERTED,25-03-2024,0,318.63,eve davis,West
LEAD-0503,social media,02-12-2023,Pending,,,1065.52,carol white,East
LEAD-0144,SOCIAL MEDIA,2024/01/15,,,0,1373.98,Carol White,south
LEAD-0652,DIRECT,02/02/2023,CONVERTED,2023/03/17,31677.05,4341.38,David Brown,South
LEAD-0547,EMAIL CAMPAIGN,2024-05-27,,,0,3886.82,alice johnson,West
LEAD-0301,website,2023/02/06,,2023/02/06,,4456.05,DAVID BROWN,NORTH
LEAD-0614,email campaign,2024/03/09,Yes,2024-03-15,40725.86,3282.64,DAVID BROWN,north
LEAD-0048,direct,28/04/2023,not converted,,,2900.19,,West
LEAD-0308,Referral,2023/08/03,not converted,,0,706.73,Bob Smith,west
LEAD-0255,DIRECT,03/02/2023,Pending,,0,3076.34,DAVID BROWN,East
LEAD-0001,Social Media,09/10/2023,Not Converted,,0,,BOB SMITH,West
LEAD-0434,Social Media,14-12-2023,,,0,1978.35,N/A,north
LEAD-0176,Direct,2024/01/26,NOT CONVERTED,,,1913.48,frank miller,West
LEAD-0558,direct,28/07/2023,not converted,,,2184.98,frank miller,north
LEAD-0373,DIRECT,2023/01/08,NOT CONVERTED,,0,2213.68,Frank Miller,south
LEAD-0630,Referral,11-01-2023,No,,0,1731.1,DAVID BROWN,west
LEAD-0519,DIRECT,27-04-2023,Yes,2023-08-23,$6270.0,1773.64,DAVID BROWN,
LEAD-0660,website,05-05-2023,converted,2023-08-10,25467.54,865.95,Alice Johnson,South
LEAD-0087,SOCIAL MEDIA,02-02-2024,NOT CONVERTED,,0,4732.57,Bob Smith,south
LEAD-0036,Email Campaign,2023/08/07,Yes,17/11/2023,33113.11,3115.34,BOB SMITH,north
LEAD-0263,website,07-09-2023,No,,,2226.72,eve davis,North
LEAD-0576,Email Campaign,09-29-2023,CONVERTED,27/10/2023,4371.92,$3383.37,David Brown,South
LEAD-0090,Social Media,08/12/2023,CONVERTED,2024/03/18,10657.68,2952.6,N/A,East
LEAD-0166,Email Campaign,12/08/2023,Pending,,N/A,2664.46,alice johnson,North
LEAD-0212,social media,01/02/2023,not converted,01/02/2023,,882.63,N/A,EAST
LEAD-0589,,12/04/2023,NOT CONVERTED,,,2223.59,BOB SMITH,EAST
LEAD-0132,DIRECT,2023-02-28,No,,0,3413.08,eve davis,EAST
LEAD-0041,Referral,10-06-2023,NOT CONVERTED,,,1194.74,alice johnson,south
LEAD-0126,Social Media,2024-01-01,NOT CONVERTED,,0,563.14,Bob Smith,North
LEAD-0322,website,02-02-2024,No,,0,2697.43,N/A,
LEAD-0458,Direct,2024/04/29,CONVERTED,2024-07-12,32987.83,185.13,alice johnson,north
LEAD-0569,Website,13/05/2023,Converted,08-24-2023,16496.96,4761.91,Bob Smith,West
LEAD-0006,Referral,17-06-2023,No,,0,3456.4,N/A,North
LEAD-0185,Direct,09-05-2024,Converted,2024/05/10,,3624.85,Eve Davis,south
LEAD-0634,website,19/12/2023,Not Converted,,0,1740.68,DAVID BROWN,
LEAD-0676,Website,12-02-2024,CONVERTED,13-04-2024,21423.51,821.6,N/A,south
LEAD-0213,social media,04-27-2023,,,0,3812.02,David Brown,South
LEAD-0128,referral,11-06-2024,,,,1466.25,Frank Miller,NORTH
LEAD-0552,,14-06-2023,NOT CONVERTED,,0,,frank miller,EAST
LEAD-0599,referral,2023/10/19,CONVERTED,19-01-2024,26223.5,2932.73,alice johnson,East
LEAD-0532,Email Campaign,2024/05/17,not converted,,0,,David Brown,South
LEAD-0625,direct,2023-08-18,not converted,,0,1615.4,eve davis,North
LEAD-0645,email campaign,27/12/2023,Pending,27/12/2023,0,1715.05,carol white,EAST
LEAD-0543,Referral,06-04-2023,No,,0,4560.13,Carol White,north
LEAD-0550,DIRECT,05-29-2023,Yes,08-29-2023,,222.31,Alice Johnson,West
LEAD-0570,,2024-02-13,Converted,02/06/2024,8565.56,3775.16,DAVID BROWN,south
LEAD-0184,Direct,2023-02-19,No,,0,386.44,DAVID BROWN,NORTH
LEAD-0021,email campaign,24/03/2023,converted,2023-06-09,33923.02,4456.92,eve davis,South
LEAD-0416,Direct,2023/02/09,converted,08-04-2023,-99,2617.58,Eve Davis,south
LEAD-0190,Referral,2024/02/03,NOT CONVERTED,,0,3962.97,,NORTH
LEAD-0551,website,11-13-2023,converted,21/01/2024,42953.53,1995.23,alice johnson,West
LEAD-0066,website,12-08-2023,converted,27/03/2024,16825.28,4728.71,DAVID BROWN,South
LEAD-0334,Website,2023-08-28,Not Converted,,0,1971.06,Alice Johnson,NORTH
LEAD-0102,DIRECT,2023-02-20,not converted,,N/A,2100.21,carol white,south
LEAD-0129,DIRECT,12-01-2024,No,,0,1963.89,DAVID BROWN,NORTH
LEAD-0586,Website,12/06/2023,,12/06/2023,N/A,614.15,DAVID BROWN,north
LEAD-0306,email campaign,2023/07/01,CONVERTED,03/10/2023,5625.92,1643.13,eve davis,West
LEAD-0299,,2023-02-25,CONVERTED,01-05-2023,42667.62,2483.66,Alice Johnson,west
LEAD-0496,Website,2023/09/02,converted,25-11-2023,37000.31,3529.08,carol white,NORTH
LEAD-0394,Referral,08-08-2023,Converted,11-15-2023,45996.05,2879.48,Bob Smith,East
LEAD-0186,SOCIAL MEDIA,2023-04-20,,,,4085.31,carol white,south
LEAD-0672,Website,2023/02/10,No,,0,1183.6,BOB SMITH,west
LEAD-0097,social media,06-04-2023,converted,07-11-2023,40682.58,2829.85,carol white,south
LEAD-0281,email campaign,07-07-2023,converted,08-05-2023,11554.73,4439.88,DAVID BROWN,South
LEAD-0492,website,12/08/2023,NOT CONVERTED,,0,499.11,,EAST
LEAD-0640,SOCIAL MEDIA,14/07/2023,,,N/A,4886.06,eve davis,
LEAD-0587,DIRECT,2023-12-30,,,0,3546.7,DAVID BROWN,South
LEAD-0601,EMAIL CAMPAIGN,25-05-2024,Yes,22-08-2024,36719.99,2553.64,,west
LEAD-0024,Email Campaign,2023/11/06,,2023/11/06,0,1531.92,Bob Smith,north
LEAD-0231,referral,2023-06-29,Converted,28/09/2023,35224.23,2638.88,Bob Smith,NORTH
LEAD-0522,Social Media,03-09-2023,Converted,2023-06-14,39227.36,4510.82,alice johnson,East
LEAD-0662,direct,20-04-2024,Yes,2024-04-29,27647.21,744.27,Bob Smith,North
LEAD-0125,social media,2024/06/22,,,0,150.65,David Brown,NORTH
LEAD-0085,Direct,2023/09/26,No,,0,$586.31,Eve Davis,NORTH
LEAD-0120,SOCIAL MEDIA,07-10-2023,,,,4092.68,David Brown,North
LEAD-0123,DIRECT,23/10/2023,not converted,,N/A,360.9,Eve Davis,North
LEAD-0012,Email Campaign,2023-01-20,NOT CONVERTED,,0,1572.19,alice johnson,South
LEAD-0377,Website,03-06-2024,Yes,23-04-2024,0,4225.55,N/A,south
LEAD-0456,email campaign,01/04/2023,Yes,2023-06-21,34361.66,3084.54,Alice Johnson,EAST
LEAD-0648,EMAIL CAMPAIGN,2023/05/22,not converted,2023/05/22,,3926.48,eve davis,North
LEAD-0282,,14-03-2023,Not Converted,,0,1939.26,frank miller,East
LEAD-0392,Website,2023/11/19,NOT CONVERTED,,N/A,4139.47,Eve Davis,West
LEAD-0475,SOCIAL MEDIA,06/02/2023,Converted,2023/05/10,12305.01,3234.87,N/A,EAST
,referral,23/02/2023,No,,0,2407.42,alice johnson,EAST
,Direct,02-06-2024,CONVERTED,2024-09-24,31176.86,1637.44,frank miller,south
LEAD-0177,direct,28-05-2023,Converted,08-08-2023,48405.42,1252.15,DAVID BROWN,NORTH
LEAD-0611,Website,22-09-2023,converted,29/09/2023,12361.34,2567.68,Carol White,North
LEAD-0310,,2024-03-08,,,0,3367.76,Bob Smith,north
LEAD-0501,Email Campaign,04-13-2024,Pending,,0,900.1,Carol White,North
LEAD-0407,email campaign,11-09-2023,Yes,30/12/2023,1409.43,1546.51,Carol White,North
LEAD-0247,SOCIAL MEDIA,05/03/2024,,,0,,N/A,NORTH
LEAD-0122,SOCIAL MEDIA,25-04-2024,Pending,25-04-2024,,1117.49,eve davis,west
LEAD-0035,Referral,06-03-2024,CONVERTED,2024/05/24,$15397.02,1470.22,Frank Miller,NORTH
LEAD-0251,Referral,2024/05/19,not converted,,0,1201.49,Alice Johnson,NORTH
LEAD-0414,website,01-16-2023,No,,0,1054.03,DAVID BROWN,
LEAD-0643,Email Campaign,21-05-2024,not converted,,0,3963.59,BOB SMITH,EAST
LEAD-0153,direct,23/04/2023,Converted,06-19-2023,21229.62,2534.01,frank miller,North
LEAD-0445,email campaign,17-04-2024,Pending,,0,2762.35,carol white,West
LEAD-0608,Social Media,2023/05/04,CONVERTED,05-07-2023,39444.47,4443.9,eve davis,NORTH
LEAD-0347,email campaign,05-10-2024,not converted,,0,2020.74,alice johnson,West
LEAD-0666,social media,21/06/2023,Converted,2023/08/14,5830.35,988.26,David Brown,South
LEAD-0528,website,2024/02/15,converted,20/05/2024,3703.17,2995.06,frank miller,south
LEAD-0121,Website,30-08-2023,converted,17/10/2023,1895.28,3267.31,Carol White,EAST
LEAD-0054,social media,29/10/2023,No,,,2392.64,,west
LEAD-0184,Direct,2023-02-19,No,,0,386.44,DAVID BROWN,NORTH
LEAD-0486,social media,30/11/2023,converted,31-12-2023,43559.37,2381.4,Bob Smith,West
LEAD-0365,EMAIL CAMPAIGN,06-28-2023,NOT CONVERTED,,0,3884.98,eve davis,north
LEAD-0099,DIRECT,2023/10/13,Not Converted,,0,4874.01,Frank Miller,west
LEAD-0058,EMAIL CAMPAIGN,19-10-2023,Yes,12-15-2023,9626.0,2414.76,alice johnson,
LEAD-0173,social media,2023/04/14,Converted,2023/06/11,33765.17,268.97,N/A,North
LEAD-0438,Social Media,2023/04/16,not converted,2023/04/16,0,3212.31,Carol White,north
LEAD-0386,Direct,2024/05/24,CONVERTED,08-11-2024,16468.7,2639.84,Bob Smith,East
LEAD-0152,referral,2023-08-22,Pending,,0,3619.86,frank miller,West
LEAD-0105,Social Media,2024-03-22,Yes,2024-07-18,43174.45,3562.02,Alice Johnson,NORTH
LEAD-0590,email campaign,2023-06-25,not converted,,0,1835.18,N/A,west
LEAD-0371,Direct,06-30-2024,NOT CONVERTED,,0,2237.21,Carol White,North
LEAD-0010,email campaign,2023-01-12,,,0,1733.87,Alice Johnson,north
LEAD-0667,social media,01-01-2024,CONVERTED,03-01-2024,-99,2320.94,Frank Miller,
LEAD-0201,email campaign,2024/03/04,Converted,06-14-2024,35230.9,4576.29,Frank Miller,NORTH
LEAD-0224,Direct,2023-05-27,,,0,862.38,,East
LEAD-0215,,14/03/2024,Pending,,,4036.93,eve davis,west
LEAD-0149,social media,02-08-2024,NOT CONVERTED,,,1035.34,Alice Johnson,North
LEAD-0299,,2023-02-25,CONVERTED,01-05-2023,42667.62,2483.66,Alice Johnson,west
LEAD-0495,Social Media,06-11-2024,Converted,26-06-2024,18596.75,917.57,,West
LEAD-0453,Email Campaign,23/03/2024,converted,10-04-2024,43077.56,4655.04,David Brown,west
LEAD-0141,email campaign,09/10/2023,not converted,,,2979.45,eve davis,
LEAD-0592,Social Media,2024-06-13,converted,07-27-2024,20381.72,unknown,eve davis,North
